INSERT INTO tmdt.brand (id, name) VALUES (1, 'Việt Nam');INSERT INTO tmdt.brand (id, name) VALUES (2, 'USA');INSERT INTO tmdt.brand (id, name) VALUES (3, 'China');INSERT INTO tmdt.role (id, name) VALUES (1, 'ROLE_ADMIN');INSERT INTO tmdt.role (id, name) VALUES (2, 'ROLE_USER');INSERT INTO tmdt.role (id, name) VALUES (3, 'ROLE_SHOP');INSERT INTO tmdt.category (id, name) VALUES (1, 'Nội thất');INSERT INTO tmdt.category (id, name) VALUES (2, 'Máy móc');INSERT INTO tmdt.category (id, name) VALUES (3, 'Nguyên liệu');INSERT INTO tmdt.category (id, name) VALUES (4, 'Quần áo');INSERT INTO tmdt.category (id, name) VALUES (5, 'Nha bếp');INSERT INTO tmdt.city (id, name) VALUES (1, 'Hà Nội');INSERT INTO tmdt.city (id, name) VALUES (2, 'Quảng Ninh');INSERT INTO tmdt.district (id, name, city_id) VALUES (1, 'Hàm Nghi', 1);INSERT INTO tmdt.district (id, name, city_id) VALUES (2, 'Hoàn Kiếm', 1);INSERT INTO tmdt.district (id, name, city_id) VALUES (3, 'Móng Cái', 2);INSERT INTO tmdt.image (id, name) VALUES (1, 'https://media.kenhtuyensinh.vn/images/cms/2022/02/9-19.png');INSERT INTO tmdt.image (id, name) VALUES (2, 'https://hocthietkenoithat.org/wp-content/uploads/2018/12/4855-1024x576.jpg');INSERT INTO tmdt.image (id, name) VALUES (3, 'https://static1.cafeland.vn/cafelandnew/hinh-anh/2022/05/07/153/noingoaithat7.jpg');INSERT INTO tmdt.image (id, name) VALUES (4, 'https://linhvucbanle.com/wp-content/uploads/2021/03/do-dien-trong-gia-dinh.jpg');INSERT INTO tmdt.image (id, name) VALUES (5, 'https://mekoong.com/wp-content/uploads/2021/05/do-gia-dung-thong-minh_do-gia-dung-thong-thuong.jpg');INSERT INTO tmdt.image (id, name) VALUES (6, 'https://mekoong.com/wp-content/uploads/2022/05/do-gia-dung-thong-minh-la-gi-mekoong.jpg');INSERT INTO tmdt.image (id, name) VALUES (7, 'https://hoahocmypham.com/wp-content/uploads/2017/10/0c8d97d482cd4c658502fff90ec9275b.jpg_srz_1903_1269_85_22_0.50_1.20_0-752x440.jpg');INSERT INTO tmdt.image (id, name) VALUES (8, 'https://monngonmoingay.com/wp-content/uploads/2019/08/tip-thay-th%E1%BA%BF-nguy%C3%AAn-li%E1%BB%87u-.jpg');INSERT INTO tmdt.image (id, name) VALUES (9, 'https://forza.com.vn/wp-content/uploads/2021/03/ky-thuat-so-che-nguyen-lieu-220321-06-e1616398596327.jpg');INSERT INTO tmdt.image (id, name) VALUES (10, 'https://cdn.tgdd.vn/Files/2020/01/06/1230188/quan-ao-moi-mua-ve-co-can-phai-giat-202001061120541763.jpg');INSERT INTO tmdt.image (id, name) VALUES (11, 'https://logan.vn/ao-thun-dong-phuc/wp-content/uploads/2015/08/bao-quan-tu-quan-ao.jpg');INSERT INTO tmdt.image (id, name) VALUES (12, 'https://5sfashion.vn/storage/upload/images/posts/noRwM6XbHadYnKG47Bw3VMNAorTkuUQJhUC72sHp.jpg');INSERT INTO tmdt.image (id, name) VALUES (13, 'https://cdn.tgdd.vn/2021/11/CookDish/cac-loai-do-gia-dung-hien-dai-cho-can-bep-nha-ban-them-tien-avt-1200x676.jpg');INSERT INTO tmdt.image (id, name) VALUES (14, 'https://file.hstatic.net/1000341804/file/do-dung-dung-cu-nha-bep_173bcd1d9fe34fbab701a606e34913c3_grande.jpeg');INSERT INTO tmdt.image (id, name) VALUES (15, 'https://storage.googleapis.com/ops-shopee-files-live/live/shopee-blog/2019/03/do-dung-nha-bep-co-ban-fe.jpeg');INSERT INTO tmdt.option_product (id, name) VALUES (1, 'Mới');INSERT INTO tmdt.option_product (id, name) VALUES (2, 'Cũ');INSERT INTO tmdt.wards (id, name, district_id) VALUES (1, 'MonCity', 1);INSERT INTO tmdt.account (id, email, password, username, status) VALUES (1, 'toannvph05233@gmail.com', '$2a$10$Hm8pUUoJX6HQUzsEKzNTQ.ejaWseyfOKwe1LBxle/2j0HiEfgLjmu', 'johntoan', 'active');INSERT INTO tmdt.account (id, email, password, username, status) VALUES (2, 'admin@gmail.com', '$2a$10$Hm8pUUoJX6HQUzsEKzNTQ.ejaWseyfOKwe1LBxle/2j0HiEfgLjmu', 'admin', 'active');INSERT INTO tmdt.account_roles (account_id, roles_id) VALUES (1, 3);INSERT INTO tmdt.account_roles (account_id, roles_id) VALUES (2, 1);INSERT INTO tmdt.discount (id, code) VALUES (1, 2024);INSERT INTO tmdt.user (id, address, age, avatar, change_role, email, gender, name, phone, account_id, discount_id, wards_id) VALUES (1, '22', '2024-04-27', 'https://firebasestorage.googleapis.com/v0/b/student-152fa.appspot.com/o/image%2Fchup-anh-di-bien.jpg2e3c407e-90bf-449e-8768-84aa6afaa0fa?alt=media&token=afd0a133-89f4-44d3-9b8b-59007e631f82', 0, 'toannvph05233@gmail.com', null, 'Nguyễn Văn Toàn', '0912345678', 1, 1, 1);INSERT INTO tmdt.user (id, address, age, avatar, change_role, email, gender, name, phone, account_id, discount_id, wards_id) VALUES (2, '22', '2024-04-27', 'https://firebasestorage.googleapis.com/v0/b/student-152fa.appspot.com/o/image%2Fchup-anh-di-bien.jpg2e3c407e-90bf-449e-8768-84aa6afaa0fa?alt=media&token=afd0a133-89f4-44d3-9b8b-59007e631f82', 0, 'admin@gmail.com', null, 'admin', '0912345678', 2, 1, 1);INSERT INTO tmdt.shop (id, address, avatar, name, phone, account_id, wards_id) VALUES (1, '22', 'https://firebasestorage.googleapis.com/v0/b/student-152fa.appspot.com/o/image%2Fbacsi.webp21a99911-f729-44d1-b61b-ed8722d3c781?alt=media&token=2c37c441-a982-4bf8-9515-a67426119d31', 'Mèo con', '09123456789', 1, 1);INSERT INTO tmdt.product (id, count, description, name, price, promotion, quantity, status, account_id, brand_id, category_id, option_id, shop_id) VALUES (1, 0, 'Nội thất 1', 'Nội thất', 30000000, 5, 3, null, 1, 1, 1, 1, 1);INSERT INTO tmdt.product (id, count, description, name, price, promotion, quantity, status, account_id, brand_id, category_id, option_id, shop_id) VALUES (2, 0, 'Nội thất 2', 'Nội thất', 20000000, 4, 5, null, 1, 2, 1, 1, 1);INSERT INTO tmdt.product (id, count, description, name, price, promotion, quantity, status, account_id, brand_id, category_id, option_id, shop_id) VALUES (3, 0, 'Nội thất 3', 'Nội thất', 10000000, 3, 3, null, 1, 3, 1, 1, 1);INSERT INTO tmdt.product (id, count, description, name, price, promotion, quantity, status, account_id, brand_id, category_id, option_id, shop_id) VALUES (4, 0, 'Máy móc 1', 'Máy móc', 30000000, 5, 3, null, 1, 1, 2, 1, 1);INSERT INTO tmdt.product (id, count, description, name, price, promotion, quantity, status, account_id, brand_id, category_id, option_id, shop_id) VALUES (5, 0, 'Máy móc 1', 'Máy móc', 20000000, 4, 5, null, 1, 2, 2, 1, 1);INSERT INTO tmdt.product (id, count, description, name, price, promotion, quantity, status, account_id, brand_id, category_id, option_id, shop_id) VALUES (6, 0, 'Máy móc 1', 'Máy móc', 10000000, 3, 3, null, 1, 3, 2, 1, 1);INSERT INTO tmdt.product (id, count, description, name, price, promotion, quantity, status, account_id, brand_id, category_id, option_id, shop_id) VALUES (7, 0, 'Nguyên liệu 1', 'Nguyên liệu 1', 30000000, 5, 3, null, 1, 1, 3, 1, 1);INSERT INTO tmdt.product (id, count, description, name, price, promotion, quantity, status, account_id, brand_id, category_id, option_id, shop_id) VALUES (8, 0, 'Nguyên liệu 2', 'Nguyên liệu 1', 20000000, 4, 5, null, 1, 2, 3, 1, 1);INSERT INTO tmdt.product (id, count, description, name, price, promotion, quantity, status, account_id, brand_id, category_id, option_id, shop_id) VALUES (9, 0, 'Nguyên liệu 3', 'Nguyên liệu 1', 10000000, 3, 3, null, 1, 3, 3, 1, 1);INSERT INTO tmdt.product (id, count, description, name, price, promotion, quantity, status, account_id, brand_id, category_id, option_id, shop_id) VALUES (10, 0, 'Quần áo 1', 'Quần áo 1', 30000000, 5, 3, null, 1, 1, 4, 1, 1);INSERT INTO tmdt.product (id, count, description, name, price, promotion, quantity, status, account_id, brand_id, category_id, option_id, shop_id) VALUES (11, 0, 'Quần áo 2', 'Quần áo 2', 20000000, 4, 5, null, 1, 2, 4, 1, 1);INSERT INTO tmdt.product (id, count, description, name, price, promotion, quantity, status, account_id, brand_id, category_id, option_id, shop_id) VALUES (12, 0, 'Quần áo 3', 'Quần áo 3', 10000000, 3, 3, null, 1, 3, 4, 1, 1);INSERT INTO tmdt.product (id, count, description, name, price, promotion, quantity, status, account_id, brand_id, category_id, option_id, shop_id) VALUES (13, 0, 'Nhà bếp 1', 'Nhà bếp 1', 30000000, 5, 3, null, 1, 1, 5, 1, 1);INSERT INTO tmdt.product (id, count, description, name, price, promotion, quantity, status, account_id, brand_id, category_id, option_id, shop_id) VALUES (14, 0, 'Nhà bếp 2', 'Nhà bếp 1', 20000000, 4, 5, null, 1, 2, 5, 1, 1);INSERT INTO tmdt.product (id, count, description, name, price, promotion, quantity, status, account_id, brand_id, category_id, option_id, shop_id) VALUES (15, 0, 'Nhà bếp 3', 'Nhà bếp 1', 10000000, 3, 3, null, 1, 3, 5, 1, 1);INSERT INTO tmdt.product_image (product_id, image_id) VALUES (1, 1);INSERT INTO tmdt.product_image (product_id, image_id) VALUES (2, 2);INSERT INTO tmdt.product_image (product_id, image_id) VALUES (3, 3);INSERT INTO tmdt.product_image (product_id, image_id) VALUES (4, 4);INSERT INTO tmdt.product_image (product_id, image_id) VALUES (5, 5);INSERT INTO tmdt.product_image (product_id, image_id) VALUES (6, 6);INSERT INTO tmdt.product_image (product_id, image_id) VALUES (7, 7);INSERT INTO tmdt.product_image (product_id, image_id) VALUES (8, 8);INSERT INTO tmdt.product_image (product_id, image_id) VALUES (9, 9);INSERT INTO tmdt.product_image (product_id, image_id) VALUES (10, 10);INSERT INTO tmdt.product_image (product_id, image_id) VALUES (11, 11);INSERT INTO tmdt.product_image (product_id, image_id) VALUES (12, 12);INSERT INTO tmdt.product_image (product_id, image_id) VALUES (13, 13);INSERT INTO tmdt.product_image (product_id, image_id) VALUES (14, 14);INSERT INTO tmdt.product_image (product_id, image_id) VALUES (15, 15);